,accuracy,precision,recall,f1_score,roc_auc
RandomForest,0.9991891891891892,0.9993021632937893,0.99860529986053,0.9989536100453436,0.9999888827134735
SVM,0.9943243243243243,0.987914364640884,0.9975592747559274,0.9927133934767522,N/A
