,precision,recall,f1-score,support
BENIGN,0.9991177767975298,0.999558693733451,0.99933818663137,4532.0
DDoS,0.9993021632937893,0.99860529986053,0.9989536100453436,2868.0
accuracy,0.9991891891891892,0.9991891891891892,0.9991891891891892,0.9991891891891892
macro avg,0.9992099700456596,0.9990819967969905,0.9991458983383568,7400.0
weighted avg,0.9991892390233774,0.9991891891891892,0.9991891372193803,7400.0
