,precision,recall,f1-score,support
BENIGN,0.9984458259325044,0.9922771403353927,0.9953519256308101,4532.0
DDoS,0.987914364640884,0.9975592747559274,0.9927133934767522,2868.0
accuracy,0.9943243243243243,0.9943243243243243,0.9943243243243243,0.9943243243243243
macro avg,0.9931800952866943,0.9949182075456601,0.9940326595537812,7400.0
weighted avg,0.9943641730967789,0.9943243243243243,0.994329316141913,7400.0
