,accuracy,precision,recall,f1_score,roc_auc
RandomForest,0.5836286919831224,0.9469043151969981,0.5204165807382966,0.6716795315411233,0.8399905539485778
SVM,0.5258227848101266,0.8818573300879985,0.4856671478655393,0.6263714342708957,N/A
