,precision,recall,f1-score,support
Normal,0.2866564417177914,0.8684944237918215,0.4310424354243542,2152.0
Attack,0.9469043151969981,0.5204165807382966,0.6716795315411233,9698.0
accuracy,0.5836286919831224,0.5836286919831224,0.5836286919831224,0.5836286919831224
macro avg,0.6167803784573948,0.694455502265059,0.5513609834827388,11850.0
weighted avg,0.8270010726883692,0.5836286919831224,0.6279790226092002,11850.0
