,precision,recall,f1-score,support
Normal,0.23367644799508372,0.7067843866171004,0.35122965015587115,2152.0
Attack,0.8818573300879985,0.4856671478655393,0.6263714342708957,9698.0
accuracy,0.5258227848101266,0.5258227848101266,0.5258227848101266,0.5258227848101266
macro avg,0.5577668890415411,0.5962257672413198,0.4888005422133834,11850.0
weighted avg,0.7641454939475806,0.5258227848101266,0.576404757526969,11850.0
